feature,AUROC_Pval,AUPRC_Pval
H3K27ac,0.0244140625,1.0
H3K4me3,0.0009765625,0.9580078125
H3K36me3,0.0029296875,0.9677734375
H3K9me3,0.0322265625,1.0
H3K27me3,0.0048828125,0.9033203125
All-epigenetics,0.001953125,0.013671875
H3K27ac_ATAC-seq_H3K4me3,0.384765625,0.384765625
H3K4me1,0.1162109375,0.8837890625
H3K9ac,0.001953125,0.1162109375
ATAC-seq,0.0009765625,0.990234375
