feature,AUROC_Pval,AUPRC_Pval
H3K27me3,1.0,0.3125
H3K27ac,1.0,0.0068359375
ATAC-seq,1.0,0.2783203125
H3K4me3,1.0,0.4228515625
H3K4me1,0.4609375,0.009765625
H3K27me3_H3K27ac_ATAC-seq_H3K4me3_H3K4me1,1.0,0.0048828125
