Feature,Coefficient
intercept,0.59763615
G02,-0.2753771
A03,-0.3238875
C03,0.17212887
C04,-0.1006662
C05,-0.2018029
G05,0.24595663
A06,0.03644004
C06,0.09837684
C07,-0.7411813
G07,-0.3932644
A12,-0.466099
A15,0.08537695
C15,-0.013814
A16,0.27262051
C16,-0.1190226
T16,-0.2859442
A17,0.09745459
G17,-0.1755462
C18,-0.03457955
G18,-0.6780964
A19,0.22508903
C19,-0.5077941
G20,-0.4173736
T20,-0.054307
G21,0.37989937
T21,-0.0907126
C22,0.05782332
T22,-0.5305673
T23,-0.8770074
C24,-0.8762358
G24,0.27891626
T24,-0.4031022
A25,-0.0773007
C25,0.28793562
T25,-0.2216372
G28,-0.6890167
T28,0.11787758
C29,-0.1604453
G30,0.38634258
GT02,-0.6257787
GC05,0.30004332
AA06,-0.8348362
TA06,0.76062777
GG07,-0.4908167
GG12,-1.5169074
TA12,0.7092612
TC12,0.49629861
TT12,-0.5868739
GG13,-0.3345637
GA14,0.76384993
GC14,-0.5370252
TG17,-0.7981461
GG19,-0.6668087
TC19,0.35318325
CC20,0.74807209
TG20,-0.3672668
AC21,0.56820913
CG21,0.32907207
GA21,-0.8364568
GG21,-0.7822076
TC22,-1.029693
CG23,0.85619782
CT23,-0.4632077
AA24,-0.5794924
AG24,0.64907554
AG25,-0.0773007
CG25,0.28793562
TG25,-0.2216372
GT27,0.11787758
GG29,-0.69774
gc_low,-0.2026259
gc_high,-0.1665878
